{"chunk_definitions":[{"chunk_id":"cqwwux9k6x3w0","expansion_state":0,"options":[],"row":9,"row_count":1,"visible":true},{"chunk_id":"ccw0vu988ggd7","expansion_state":0,"options":[],"row":26,"row_count":1,"visible":true},{"chunk_id":"c7pkhp0sd8ak2","expansion_state":0,"options":[],"row":31,"row_count":1,"visible":true},{"chunk_id":"ccfwoidxrdkwa","expansion_state":0,"options":[],"row":41,"row_count":1,"visible":true},{"chunk_id":"ccun4qq1uxr2y","expansion_state":0,"options":[],"row":101,"row_count":1,"visible":true},{"chunk_id":"cq5h8j7rn067n","expansion_state":0,"options":[],"row":125,"row_count":1,"visible":true},{"chunk_id":"cw4480x16qzqc","expansion_state":0,"options":[],"row":136,"row_count":1,"visible":true},{"chunk_id":"cuiacsmt18qa4","expansion_state":0,"options":[],"row":191,"row_count":1,"visible":true}],"chunk_rendered_width":400,"doc_write_time":1541934320.863980}