"0","sink(""anova.2w.Ch10.txt"")"
"0","cat("""
"0","    model {"
"0","    "
"0","    # Priors"
"0","    alpha ~ dnorm(0,0.001) ## intercept"
"0","    sigma ~ dunif(0, 100)"
"0","    beta.pop[1] <- 0 ## zero effect for intercept"
"0","    for(k in 2:5) {"
"0","      beta.pop[k] ~ dnorm(0, 0.001)"
"0","    }"
"0","    beta.elev[1] <- 0"
"0","    beta.elev[2] ~ dnorm(0, 0.001)"
"0","    beta.elev[3] ~ dnorm(0, 0.001)"
"0","    # Likelihood"
"0","    for (i in 1:n) {"
"0","    wing[i] ~ dnorm(mean[i], tau) "
"0","    mean[i] <- alpha + beta.pop*pop[i] + beta.elev*elev[i]"
"0","    }"
"0","    "
"0","    # Derived quantities"
"0","    tau <- 1/ (sigma * sigma)"
"0","    }"
"0","    "",fill=TRUE)"
"0","sink()"
