"0","mcmc <- as.data.frame(do.call(rbind, Samples)) "
"0","sum.stats <- data.frame(mcmc %>%"
"0","  summarise_all(funs(list(quantile(., probs = c(0.025, 0.5, 0.975))))) %>%"
"0","  unnest %>%"
"0","  transpose %>%"
"0","  setNames(., c('2.5%', '50%', '97.5')) %>%"
"0","  map_df(unlist) %>%"
"0","  bind_cols(data.frame(vars=names(mcmc)), .) %>%"
"0","    filter(vars != ""sigma""))"
"0","# sum.stats <- data.frame(summary(Samples)$statistics)[-16, ]"
"0","or <- c(1,4,7,10,13,2,5,8,11,14,3,6,9,12,15)"
"0","plot(or, sum.stats$X50., xlab = ""Elev-by-Population"", las = 1, ylab = ""Predicted wing length"", cex = 1.5, ylim = c(20,70))"
