{"chunk_definitions":[{"chunk_id":"codbg6agdssga","chunk_label":"unnamed-chunk-1","document_id":"E6EB192B","expansion_state":0,"options":{"engine":"r","label":"unnamed-chunk-1"},"row":10,"row_count":1,"visible":true},{"chunk_id":"c76zzyqh4d9vo","chunk_label":"unnamed-chunk-2","document_id":"E6EB192B","expansion_state":0,"options":{"engine":"r","include":false,"label":"unnamed-chunk-2"},"row":27,"row_count":1,"visible":true},{"chunk_id":"ciypnsxdudnsw","chunk_label":"unnamed-chunk-3","document_id":"E6EB192B","expansion_state":0,"options":{"engine":"r","label":"unnamed-chunk-3"},"row":34,"row_count":1,"visible":true},{"chunk_id":"cqszud1nl8o07","chunk_label":"unnamed-chunk-4","document_id":"E6EB192B","expansion_state":0,"options":{"echo":"T","engine":"r","label":"unnamed-chunk-4","results":"hide"},"row":63,"row_count":1,"visible":true},{"chunk_id":"cdlr914fn1goa","chunk_label":"unnamed-chunk-5","document_id":"E6EB192B","expansion_state":0,"options":{"engine":"r","label":"unnamed-chunk-5"},"row":67,"row_count":1,"visible":true},{"chunk_id":"cv2q5u0uupayu","chunk_label":"unnamed-chunk-6","document_id":"E6EB192B","expansion_state":0,"options":{"engine":"r","label":"unnamed-chunk-6"},"row":74,"row_count":1,"visible":true},{"chunk_id":"cg9atka64mr7c","chunk_label":"unnamed-chunk-7","document_id":"E6EB192B","expansion_state":0,"options":{"engine":"r","label":"unnamed-chunk-7"},"row":87,"row_count":1,"visible":true},{"chunk_id":"co02d3iqrwi9p","chunk_label":"unnamed-chunk-8","document_id":"E6EB192B","expansion_state":0,"options":{"engine":"r","label":"unnamed-chunk-8"},"row":99,"row_count":1,"visible":true},{"chunk_id":"cufjwdyofz5qi","chunk_label":"unnamed-chunk-9","document_id":"E6EB192B","expansion_state":0,"options":{"echo":"T","engine":"r","label":"unnamed-chunk-9","results":"hide"},"row":130,"row_count":1,"visible":true},{"chunk_id":"cbmwr0v3f42tf","chunk_label":"unnamed-chunk-10","document_id":"E6EB192B","expansion_state":0,"options":{"engine":"r","label":"unnamed-chunk-10"},"row":136,"row_count":1,"visible":true},{"chunk_id":"ck04odymazi1s","chunk_label":"unnamed-chunk-11","document_id":"E6EB192B","expansion_state":0,"options":{"engine":"r","label":"unnamed-chunk-11"},"row":144,"row_count":1,"visible":true}],"doc_write_time":1543232002}