{"chunk_definitions":[{"chunk_id":"cxs11o23kzqt1","chunk_label":"unnamed-chunk-1","document_id":"E6EB192B","expansion_state":0,"options":{"engine":"r","label":"unnamed-chunk-4"},"row":11,"row_count":1,"visible":true},{"chunk_id":"co02d3iqrwi9p","chunk_label":"unnamed-chunk-7","document_id":"E6EB192B","expansion_state":0,"options":{"engine":"r","label":"unnamed-chunk-23"},"row":119,"row_count":1,"visible":true},{"chunk_id":"ca58kxxxjth72","chunk_label":"unnamed-chunk-10","document_id":"E6EB192B","expansion_state":0,"options":{"engine":"r","label":"unnamed-chunk-2"},"row":192,"row_count":1,"visible":true}],"doc_write_time":1543230249}