{"chunk_definitions":[{"chunk_id":"csetup_chunk","chunk_label":"setup","document_id":"350F98C","expansion_state":0,"options":{"engine":"r","include":false,"label":"setup"},"row":14,"row_count":1,"visible":true},{"chunk_id":"c4rqnshugizg3","chunk_label":"unnamed-chunk-1","document_id":"350F98C","expansion_state":0,"options":{"engine":"r","label":"unnamed-chunk-51"},"row":42,"row_count":1,"visible":true},{"chunk_id":"c2tyz1ubopbxa","chunk_label":"unnamed-chunk-2","document_id":"350F98C","expansion_state":0,"options":{"engine":"r","label":"unnamed-chunk-52"},"row":54,"row_count":1,"visible":true},{"chunk_id":"ct8t5v6sx3nke","chunk_label":"unnamed-chunk-3","document_id":"350F98C","expansion_state":0,"options":{"engine":"r","label":"unnamed-chunk-53"},"row":63,"row_count":1,"visible":true},{"chunk_id":"cuguin5gcpfi9","chunk_label":"unnamed-chunk-4","document_id":"350F98C","expansion_state":0,"options":{"engine":"r","include":false,"label":"unnamed-chunk-54"},"row":81,"row_count":1,"visible":true},{"chunk_id":"cqqj7oqoq92ed","chunk_label":"unnamed-chunk-5","document_id":"350F98C","expansion_state":0,"options":{"engine":"r","label":"unnamed-chunk-55"},"row":91,"row_count":1,"visible":true},{"chunk_id":"cwnt5h0ffme2p","chunk_label":"unnamed-chunk-6","document_id":"350F98C","expansion_state":0,"options":{"engine":"r","label":"unnamed-chunk-58"},"row":121,"row_count":1,"visible":true},{"chunk_id":"cbx319bky23s5","chunk_label":"unnamed-chunk-7","document_id":"350F98C","expansion_state":0,"options":{"engine":"r","label":"unnamed-chunk-62"},"row":153,"row_count":1,"visible":true},{"chunk_id":"cavxfx2xz6orh","chunk_label":"unnamed-chunk-8","document_id":"350F98C","expansion_state":0,"options":{"engine":"r","label":"unnamed-chunk-47"},"row":165,"row_count":1,"visible":true}],"chunk_rendered_width":685,"default_chunk_options":{"error":false},"doc_write_time":1543136650,"working_dir":null}