{"chunk_definitions":[{"chunk_id":"csetup_chunk","chunk_label":"setup","document_id":"350F98C","expansion_state":0,"options":{"engine":"r","include":false,"label":"setup"},"row":12,"row_count":1,"visible":true},{"chunk_id":"c4rqnshugizg3","chunk_label":"unnamed-chunk-1","document_id":"350F98C","expansion_state":0,"options":{"engine":"r","label":"unnamed-chunk-1"},"row":40,"row_count":1,"visible":true},{"chunk_id":"c2tyz1ubopbxa","chunk_label":"unnamed-chunk-2","document_id":"350F98C","expansion_state":0,"options":{"engine":"r","label":"unnamed-chunk-2"},"row":52,"row_count":1,"visible":true},{"chunk_id":"ct8t5v6sx3nke","chunk_label":"unnamed-chunk-3","document_id":"350F98C","expansion_state":0,"options":{"engine":"r","label":"unnamed-chunk-3"},"row":61,"row_count":1,"visible":true},{"chunk_id":"cios3pskx99l7","chunk_label":"unnamed-chunk-4","document_id":"350F98C","expansion_state":0,"options":{"engine":"r","label":"unnamed-chunk-4"},"row":79,"row_count":1,"visible":true},{"chunk_id":"cqqj7oqoq92ed","chunk_label":"unnamed-chunk-5","document_id":"350F98C","expansion_state":0,"options":{"engine":"r","label":"unnamed-chunk-5"},"row":89,"row_count":1,"visible":true},{"chunk_id":"cz5fxhbrxj1bu","chunk_label":"unnamed-chunk-6","document_id":"350F98C","expansion_state":0,"options":{"engine":"r","label":"unnamed-chunk-61"},"row":147,"row_count":1,"visible":true}],"default_chunk_options":{"error":false},"doc_write_time":1543133523,"working_dir":null}