{"chunk_definitions":[{"chunk_id":"csetup_chunk","chunk_label":"setup","document_id":"350F98C","expansion_state":0,"options":{"engine":"r","include":false,"label":"setup"},"row":15,"row_count":1,"visible":true},{"chunk_id":"c4rqnshugizg3","chunk_label":"unnamed-chunk-1","document_id":"350F98C","expansion_state":0,"options":{"engine":"r","label":"unnamed-chunk-1"},"row":43,"row_count":1,"visible":true},{"chunk_id":"c2tyz1ubopbxa","chunk_label":"unnamed-chunk-2","document_id":"350F98C","expansion_state":0,"options":{"engine":"r","label":"unnamed-chunk-2"},"row":55,"row_count":1,"visible":true},{"chunk_id":"ct8t5v6sx3nke","chunk_label":"unnamed-chunk-3","document_id":"350F98C","expansion_state":0,"options":{"engine":"r","label":"unnamed-chunk-3"},"row":64,"row_count":1,"visible":true},{"chunk_id":"cuguin5gcpfi9","chunk_label":"unnamed-chunk-4","document_id":"350F98C","expansion_state":0,"options":{"engine":"r","include":false,"label":"unnamed-chunk-4"},"row":82,"row_count":1,"visible":true},{"chunk_id":"cqqj7oqoq92ed","chunk_label":"unnamed-chunk-5","document_id":"350F98C","expansion_state":0,"options":{"engine":"r","label":"unnamed-chunk-5"},"row":92,"row_count":1,"visible":true},{"chunk_id":"cbx319bky23s5","chunk_label":"unnamed-chunk-6","document_id":"350F98C","expansion_state":0,"options":{"engine":"r","label":"unnamed-chunk-6"},"row":122,"row_count":1,"visible":true},{"chunk_id":"c1gcn2dfjqc2t","chunk_label":"unnamed-chunk-7","document_id":"350F98C","expansion_state":0,"options":{"engine":"r","label":"unnamed-chunk-7"},"row":127,"row_count":1,"visible":true},{"chunk_id":"cavxfx2xz6orh","chunk_label":"unnamed-chunk-8","document_id":"350F98C","expansion_state":0,"options":{"engine":"r","label":"unnamed-chunk-8"},"row":153,"row_count":1,"visible":true},{"chunk_id":"c85msdpqpddax","chunk_label":"unnamed-chunk-9","document_id":"350F98C","expansion_state":0,"options":{"engine":"r","label":"unnamed-chunk-9"},"row":184,"row_count":1,"visible":true},{"chunk_id":"cfs5ywp67dfvl","chunk_label":"unnamed-chunk-10","document_id":"350F98C","expansion_state":0,"options":{"engine":"r","label":"unnamed-chunk-10"},"row":189,"row_count":1,"visible":true},{"chunk_id":"c5z9gvg54bxtx","chunk_label":"unnamed-chunk-11","document_id":"350F98C","expansion_state":0,"options":{"engine":"r","label":"unnamed-chunk-11"},"row":210,"row_count":1,"visible":true}],"doc_write_time":1543233309}